{"cameraMode":{"drawMode":0,"name":"Shaded","section":"Shading Mode"},"sceneLighting":true,"audioPlay":false,"sceneViewState":{"m_AlwaysRefresh":false,"showFog":true,"showSkybox":true,"showFlares":true,"showImageEffects":true,"showParticleSystems":true,"showVisualEffectGraphs":true,"m_FxEnabled":true},"in2DMode":false,"pivot":{"x":1.7869195938110352,"y":1.7659618854522706,"z":-1.9056224822998047},"rotation":{"x":-0.010313432663679123,"y":-0.9821251034736633,"z":0.1796300858259201,"w":-0.056610263884067538},"size":1.6442680358886719,"orthographic":true}